key,p_MA,p_MS,p_SA,p_substrate,p_vacuum
clockmon,1.4030033028750306e-06,7.86305972915862e-06,5.61171854139646e-05,0.918776452945812,0.08115816380574199
